商品名,カテゴリ,特徴・メリット,解決する悩み
エコプリントEX,事務機器,印刷コストを30%削減する次世代複合機,コスト削減・消耗品管理の手間
BizSecure VPN,セキュリティ,ワンクリックで安全なテレワーク環境を構築,情報漏洩対策・リモートワーク導入
スマート経費精算,ソフトウェア,AIが領収書を自動読取し入力作業をゼロに,事務作業の効率化・残業削減
集中オフィスブース,家具,防音完備の1人用個室でWeb会議に最適,Web会議の場所不足・オフィス騒音
GreenWaste,環境,ゴミの量をデータ化し廃棄コストを削減するゴミ箱,SDGs対応・廃棄コスト削減
全言語翻訳ペン,翻訳機,137言語対応で契約書もなぞるだけで即時翻訳,海外展開・言語の壁
健食デリ,福利厚生,オフィス設置型の無添加健康社食サービス,従業員の健康管理・満足度向上
爆速Wi-Fi 7,インフラ,同時接続300台でも途切れない最新規格ルーター,通信の不安定・DX推進の遅れ
集中調光ライト,スマート家電,集中力を高める波長をAIが自動調節する照明,生産性向上・オフィス環境改善
どこでも管理職,HRツール,離職の予兆をAIが検知するリテンションツール,人材流出・メンタルヘルス
ペーパーレスSCAN,サービス,大量の紙書類を1日で全て電子化・整理する,文書管理・オフィス面積の有効活用
エルゴチェアPro,家具,腰痛を防ぐ人間工学設計の最高級ワークチェア,腰痛による集中力低下・健康経営
サイバーガードAI,セキュリティ,未知のウイルスをAIが24時間監視し遮断する,サイバー攻撃への不安・IT担当不足
節電エアコンNEO,インフラ,AIが人の位置を検知し消費電力を40%削減,電気代高騰・カーボンニュートラル
クリーンエア・フィルタ,健康器具,ウイルスを99%除去する医療グレード空気清浄機,感染症対策・安心できるオフィス作り
スキルアップLMS,教育,個々の能力に合わせた学習計画をAIが自動作成,社員教育の形骸化・リスキリング
在庫管理ロボ,IoT,棚の重量を検知して備品を自動発注するシステム,発注ミス防止・在庫過多の解消
顔認証ゲート,セキュリティ,0.2秒で本人確認し受付業務を完全無人化,受付の人手不足・不審者の侵入防止
天然水サーバー,福利厚生,富士山の天然水で災害時の備蓄水にもなる,従業員満足度・災害対策
災害対策セット,防災,3日分の食料と大容量蓄電池の法人向けセット,帰宅困難者対策・BCP策定